Title,Default Pic,No text
"Acoustic Shock",No pic?,No text?,https://www-2xxfm-org-au.mediarealm.dev/shows/acoustic-shock/
"Canberra  Metalheads",No pic?,No text?,https://www-2xxfm-org-au.mediarealm.dev/shows/canberra-metalheads/
"From the Groove",No pic?,No text?,https://www-2xxfm-org-au.mediarealm.dev/shows/from-the-groove/
"Gender Equity Matters",No pic?,No text?,https://www-2xxfm-org-au.mediarealm.dev/shows/gender-equity-matters/
"Pop and Cie",No pic?,No text?,https://www-2xxfm-org-au.mediarealm.dev/shows/pop-and-cie/
"Sacred Cinema",No pic?,No text?,https://www-2xxfm-org-au.mediarealm.dev/shows/sacred-cinema/
"Sangeetalahari (South Indian Carnatic music)",No pic?,No text?,https://www-2xxfm-org-au.mediarealm.dev/shows/sangeetalahari-south-indian-carnatic-music/
"Sports Talk",No pic?,No text?,https://www-2xxfm-org-au.mediarealm.dev/shows/sports-talk/
"Trente Minutes Francophones",No pic?,No text?,https://www-2xxfm-org-au.mediarealm.dev/shows/trente-minutes-francophones/
"… a long, strange trip…",,No text?,https://www-2xxfm-org-au.mediarealm.dev/shows/a-long-strange-trip/
"ACT Desi",,No text?,https://www-2xxfm-org-au.mediarealm.dev/shows/act-desi/
"Arts Alive (CRN)",,,https://www-2xxfm-org-au.mediarealm.dev/shows/arts-alive-crn/
"All the Best (CRN)",,,https://www-2xxfm-org-au.mediarealm.dev/shows/all-the-best-crn/
"A Jazz Hour (CRN)",,,https://www-2xxfm-org-au.mediarealm.dev/shows/a-jazz-hour-crn/
"Another World (CRN)",CRN default pic?,,https://www-2xxfm-org-au.mediarealm.dev/shows/another-world-crn/
"Afro Turn Up (CRN)",,,https://www-2xxfm-org-au.mediarealm.dev/shows/afro-turn-up-crn/
"Aussie Music Weekly (CRN)",,,https://www-2xxfm-org-au.mediarealm.dev/shows/aussie-music-weekly-crn/
"Accent of Women (CRN)",,,https://www-2xxfm-org-au.mediarealm.dev/shows/accent-of-women-crn/
"Alternative Radio (CRN)",,,https://www-2xxfm-org-au.mediarealm.dev/shows/alternative-radio-crn/
"Australian Music is Bloody Great",,,https://www-2xxfm-org-au.mediarealm.dev/shows/australian-music-is-bloody-great/
"Amrap Radio Program (CRN)",,,https://www-2xxfm-org-au.mediarealm.dev/shows/amrap-radio-program-crn/
"Behind The Lines",,No text?,https://www-2xxfm-org-au.mediarealm.dev/shows/behind-the-lines/
"Canberra Multicultural Voices",,No text?,https://www-2xxfm-org-au.mediarealm.dev/shows/canberra-multicultural-voices/
"Beale St Caravan (CRN)",,,https://www-2xxfm-org-au.mediarealm.dev/shows/beale-st-caravan-crn/
"Coneccion Latinoamericana",,No text?,https://www-2xxfm-org-au.mediarealm.dev/shows/coneccion-latinoamericana/
"Cali Sounds",,No text?,https://www-2xxfm-org-au.mediarealm.dev/shows/cali-sounds/
"Canberra Telugu Vaani",,No text?,https://www-2xxfm-org-au.mediarealm.dev/shows/canberra-telugu-vaani/
"Cantonese Program",,No text?,https://www-2xxfm-org-au.mediarealm.dev/shows/cantonese-program/
"Rebel Chorus",,No text?,https://www-2xxfm-org-au.mediarealm.dev/shows/rebel-chorus/
"Fuzzy Logic",,,https://www-2xxfm-org-au.mediarealm.dev/shows/fuzzy-logic/
"Jam Pakt (CRN)",,,https://www-2xxfm-org-au.mediarealm.dev/shows/jam-pakt-crn/
"Latino Audiodromo",,No text?,https://www-2xxfm-org-au.mediarealm.dev/shows/latino-audiodromo/
"LocalnLive",,No text?,https://www-2xxfm-org-au.mediarealm.dev/shows/localnlive/
"Cinemascape (CRN)",,,https://www-2xxfm-org-au.mediarealm.dev/shows/cinemascape-crn/
"Democracy Now! (CRN)",,,https://www-2xxfm-org-au.mediarealm.dev/shows/democracy-now-crn/
"Global Village (CRN)",,,https://www-2xxfm-org-au.mediarealm.dev/shows/global-village-crn/
"Dirt Music (CRN)",,,https://www-2xxfm-org-au.mediarealm.dev/shows/dirt-music-crn/
"Centro America & Australia",,No text?,https://www-2xxfm-org-au.mediarealm.dev/shows/centro-america-australia/
"Diffusion (CRN)",,,https://www-2xxfm-org-au.mediarealm.dev/shows/diffusion-crn/
"Irish Voice",,No text?,https://www-2xxfm-org-au.mediarealm.dev/shows/irish-voice/
"Aus Music Hour",,,https://www-2xxfm-org-au.mediarealm.dev/shows/aus-music-hour/
"Living Planet (CRN)",CRN default pic?,,https://www-2xxfm-org-au.mediarealm.dev/shows/living-planet-crn/
"Primary Perspectives (CRN)",,,https://www-2xxfm-org-au.mediarealm.dev/shows/primary-perspectives-crn/
"Earth Matters (CRN)",,,https://www-2xxfm-org-au.mediarealm.dev/shows/earth-matters-crn/
"Liquid Sunshine",,,https://www-2xxfm-org-au.mediarealm.dev/shows/liquid-sunshine/
"Ekushey",,No text?,https://www-2xxfm-org-au.mediarealm.dev/shows/ekushey/
"Bangla Radio",,No text?,https://www-2xxfm-org-au.mediarealm.dev/shows/bangla-radio/
"Srbija u Mom Srcu (Serbia in My Heart)",,No text?,https://www-2xxfm-org-au.mediarealm.dev/shows/srbija-u-mom-srcu-serbia-in-my-heart/
"Tango Capital",,No text?,https://www-2xxfm-org-au.mediarealm.dev/shows/tango-capital/
"That’s What I Call Science (CRN)",,,https://www-2xxfm-org-au.mediarealm.dev/shows/thats-what-i-call-science-crn/
"Word for Word (CRN)",,No text?,https://www-2xxfm-org-au.mediarealm.dev/shows/word-for-word-crn/
"Macedonian (Canberra)",,No text?,https://www-2xxfm-org-au.mediarealm.dev/shows/macedonian-canberra/
"Jazz Made in Australia (CRN)",,,https://www-2xxfm-org-au.mediarealm.dev/shows/jazz-made-in-australia-crn/
"Stick Together (CRN)",,,https://www-2xxfm-org-au.mediarealm.dev/shows/stick-together-crn/
"National Indigenous News Review (CRN)",,,https://www-2xxfm-org-au.mediarealm.dev/shows/national-indigenous-news-review-crn/
"New Releases Show (CRN)",,,https://www-2xxfm-org-au.mediarealm.dev/shows/new-releases-show-crn/
"Rhythms of Resistance",,No text?,https://www-2xxfm-org-au.mediarealm.dev/shows/rhythms-of-resistance/
"Radio Clandestino",,No text?,https://www-2xxfm-org-au.mediarealm.dev/shows/radio-clandestino/
"The Bohemian Beat (CRN)",,,https://www-2xxfm-org-au.mediarealm.dev/shows/the-bohemian-beat-crn/
"Breakfast",,,https://www-2xxfm-org-au.mediarealm.dev/shows/breakfast/
"Lunchbox",,,https://www-2xxfm-org-au.mediarealm.dev/shows/lunchbox/
"Think: Stories & Ideas (CRN)",,,https://www-2xxfm-org-au.mediarealm.dev/shows/think-stories-ideas-crn/
"On the Money (CRN)",,,https://www-2xxfm-org-au.mediarealm.dev/shows/on-the-money-crn/
"Urban Meltdown (CRN)",,,https://www-2xxfm-org-au.mediarealm.dev/shows/urban-meltdown-crn/
"Mandarin",,No text?,https://www-2xxfm-org-au.mediarealm.dev/shows/mandarin/
"Off the Record (CRN)",CRN default pic?,,https://www-2xxfm-org-au.mediarealm.dev/shows/off-the-recordcrn/
"Lark in the Morning",,No text?,https://www-2xxfm-org-au.mediarealm.dev/shows/lark-in-the-morning/
"Back to Earth",,No text?,https://www-2xxfm-org-au.mediarealm.dev/shows/back-to-earth/
"News From the Drug War Front",,No text?,https://www-2xxfm-org-au.mediarealm.dev/shows/news-from-the-drug-war-front/
"The Confab",,No text?,https://www-2xxfm-org-au.mediarealm.dev/shows/the-confab/
"Guerrilla Radio",,No text?,https://www-2xxfm-org-au.mediarealm.dev/shows/guerrilla-radio/
"Tecka’s Rock & Blues Show (CRN)",,,https://www-2xxfm-org-au.mediarealm.dev/shows/teckas-rock-blues-show-crn/
"Small Business Banter (CRN)",,,https://www-2xxfm-org-au.mediarealm.dev/shows/small-business-banter-crn/
"The Music Goes ‘Round and Around",,No text?,https://www-2xxfm-org-au.mediarealm.dev/shows/the-music-goes-round-and-around/
"SubjectACT",,No text?,https://www-2xxfm-org-au.mediarealm.dev/shows/subjectact/
"The Hit Parade of Yesterday (CRN)",,,https://www-2xxfm-org-au.mediarealm.dev/shows/the-hit-parade-of-yesterday-crn/
"Transforming Perceptions",,No text?,https://www-2xxfm-org-au.mediarealm.dev/shows/transforming-perceptions/
"Live Delay (CRN)",,,https://www-2xxfm-org-au.mediarealm.dev/shows/live-delay-crn/
"The Cut (CRN)",,,https://www-2xxfm-org-au.mediarealm.dev/shows/the-cut-crn/
"Diaspora Sounds",,,https://www-2xxfm-org-au.mediarealm.dev/shows/diaspora-sounds/
"Wellbeing (CRN)",,No text?,https://www-2xxfm-org-au.mediarealm.dev/shows/wellbeing-crn/
"Under African Skies (CRN)",,,https://www-2xxfm-org-au.mediarealm.dev/shows/under-african-skies-crn/
"Women On The Line (CRN)",,,https://www-2xxfm-org-au.mediarealm.dev/shows/women-on-the-line-crn/
"Jailbreak (CRN)",,,https://www-2xxfm-org-au.mediarealm.dev/shows/jailbreak-crn/
"Tongan Update",,No text?,https://www-2xxfm-org-au.mediarealm.dev/shows/tongan-update/
"Bass Headz",,,https://www-2xxfm-org-au.mediarealm.dev/shows/bass-headz/
"The Quiet Carriage (CRN)",,,https://www-2xxfm-org-au.mediarealm.dev/shows/the-quiet-carriage-crn/
"Now’s the Time",,No text?,https://www-2xxfm-org-au.mediarealm.dev/shows/nows-the-time/
"Talanoa Pasifika",,No text?,https://www-2xxfm-org-au.mediarealm.dev/shows/talanoa-pasifika/
"Reality is Only Temporary",,No text?,https://www-2xxfm-org-au.mediarealm.dev/shows/reality-is-only-temporary/
"Macedonian (Queanbeyan)",,No text?,https://www-2xxfm-org-au.mediarealm.dev/shows/macedonian-queanbeyan/
"The Wire Weekly (CRN)",CRN default pic?,,https://www-2xxfm-org-au.mediarealm.dev/shows/the-wire-weekly-crn/
"World Vibe",,No text?,https://www-2xxfm-org-au.mediarealm.dev/shows/world-vibe/
"The Wire (CRN)",CRN default pic?,,https://www-2xxfm-org-au.mediarealm.dev/shows/the-wire-crn/
"The Folk Show (CRN)",,,https://www-2xxfm-org-au.mediarealm.dev/shows/the-folk-show-crn/
"This Way Out (CRN)",,,https://www-2xxfm-org-au.mediarealm.dev/shows/this-way-out-crn/
"Chimes (CRN)",,,https://www-2xxfm-org-au.mediarealm.dev/shows/chimes-crn/
"Tongan Language & Culture Hour",,No text?,https://www-2xxfm-org-au.mediarealm.dev/shows/tongan-language-culture-hour/
"Ultima Thule (CRN)",,,https://www-2xxfm-org-au.mediarealm.dev/shows/ultima-thule-crn/
"Three Chords and the Truth (CRN)",,,https://www-2xxfm-org-au.mediarealm.dev/shows/three-chords-and-the-truth-crn/
"Making Waves",,No text?,https://www-2xxfm-org-au.mediarealm.dev/shows/making-waves/
"Mauritian",,No text?,https://www-2xxfm-org-au.mediarealm.dev/shows/mauritian/
"The Fourth Estate (CRN)",,,https://www-2xxfm-org-au.mediarealm.dev/shows/the-fourth-estate-crn/
"The World is Never Enough",,No text?,https://www-2xxfm-org-au.mediarealm.dev/shows/the-world-is-never-enough/
"Macedonian (Gungahlin)",,No text?,https://www-2xxfm-org-au.mediarealm.dev/shows/macedonian-gungahlin/
"Subsequence (CRN)",CRN default pic?,,https://www-2xxfm-org-au.mediarealm.dev/shows/subsequence-crn/
"People Fixing the World (CRN)",,,https://www-2xxfm-org-au.mediarealm.dev/shows/people-fixing-the-world-crn/
"Radio-Active (CRN)",,,https://www-2xxfm-org-au.mediarealm.dev/shows/radio-active-crn/
"Pop After Hours",,No text?,https://www-2xxfm-org-au.mediarealm.dev/shows/pop-after-hours/
"Sample Credits",,No text?,https://www-2xxfm-org-au.mediarealm.dev/shows/sample-credits/
"Real World Gardener (CRN)",,,https://www-2xxfm-org-au.mediarealm.dev/shows/real-world-gardener-crn/
"The Informer (CRN)",CRN default pic?,No text?,https://www-2xxfm-org-au.mediarealm.dev/shows/the-informer-crn/
"Outer Rhythm",,No text?,https://www-2xxfm-org-au.mediarealm.dev/shows/outer-rhythm/
"World in Progress (CRN)",CRN default pic?,,https://www-2xxfm-org-au.mediarealm.dev/shows/world-in-progress-crn/
"Queering the Capital",,No text?,https://www-2xxfm-org-au.mediarealm.dev/shows/queering-the-capital/
"Radio Ghana Hour",,No text?,https://www-2xxfm-org-au.mediarealm.dev/shows/radio-ghana-hour/
"The Tiki Lounge Remix (CRN)",,,https://www-2xxfm-org-au.mediarealm.dev/shows/the-tiki-lounge-remix-crn/
"Radio Landcare",,No text?,https://www-2xxfm-org-au.mediarealm.dev/shows/radio-landcare/
"Better Dada Than Gaga",,No text?,https://www-2xxfm-org-au.mediarealm.dev/shows/better-dada-than-gaga/
"Spanish Program",,No text?,https://www-2xxfm-org-au.mediarealm.dev/shows/spanish-program/
"The O-Zone",,No text?,https://www-2xxfm-org-au.mediarealm.dev/shows/the-o-zone/
"Deadly Beats (CRN)",,,https://www-2xxfm-org-au.mediarealm.dev/shows/deadly-beats-crn/
"Roots ’n’ Reggae Show (CRN)",,,https://www-2xxfm-org-au.mediarealm.dev/shows/rootsnreggae-show-crn/
"Mediation Today",,No text?,https://www-2xxfm-org-au.mediarealm.dev/shows/mediation-today/
"2XX Playlist",,No text?,https://www-2xxfm-org-au.mediarealm.dev/shows/2xx-playlist/
"Fine Music Live (CRN)",,,https://www-2xxfm-org-au.mediarealm.dev/shows/fine-music-live-crn/
